bloque_predictor,variables_en_tabla,clasificacion,decision_primaria,momento_T0,riesgo_auditado,justificacion,nota_operativa
Identificación del participante,SEQN (SEQN),Excluida,No usar como predictor,No aplica,No clínico / identificador,"Identificador técnico, sin significado clínico para predicción.",Se conserva para trazabilidad y uniones.
Edad basal,dem__RIDAGEYR (RIDAGEYR),Admisible,Usar,Disponible en T0,Bajo,Edad medida al inicio; predictor basal esencial y no supone fuga.,
Sexo,dem__RIAGENDR (RIAGENDR),Admisible,Usar,Disponible en T0,Bajo,Variable basal disponible antes del desenlace.,
Raza/etnia,dem__RIDRETH1 (RIDRETH1); dem__RIDRETH3 (RIDRETH3),Admisible,Usar con prudencia interpretativa,Disponible en T0,Bajo; riesgo interpretativo,Variable basal útil para ajuste/calibración; no se debe interpretar como causa biológica directa.,"Elegir una codificación, no usar ambas si son redundantes."
Nivel socioeconómico y hogar,dem__DMDEDUC2 (DMDEDUC2); dem__DMDMARTL (DMDMARTL); dem__INDHHIN2 (INDHHIN2); dem__INDFMIN2 (INDFMIN2); dem__INDFMPIR (INDFMPIR); dem__DMDHHSIZ (DMDHHSIZ),Admisible,Usar si la cobertura lo permite,Disponible en T0,Bajo; posible confusión social,Información basal socioeconómica. No es fuga; puede capturar gradientes de riesgo y acceso a recursos.,Revisar aplicabilidad por edad y faltantes.
Diseño muestral y pesos,dem__WTINT2YR (WTINT2YR); dem__WTMEC2YR (WTMEC2YR); dem__SDMVPSU (SDMVPSU); dem__SDMVSTRA (SDMVSTRA),Excluida,No usar como predictor clínico,No aplica,No clínico / diseño muestral,"Son variables de diseño/ponderación, no características clínicas del individuo.","Se conservan para análisis descriptivo, sensibilidad o ponderación si procede."
Estado de entrevista/examen y variables administrativas,dem__RIDSTATR (RIDSTATR); dem__RIDEXMON (RIDEXMON); dem__SIALANG (SIALANG); dem__SIAPROXY (SIAPROXY); dem__SIAINTRP (SIAINTRP); dem__FIALANG (FIALANG); dem__FIAPROXY (FIAPROXY); dem__FIAINTRP (FIAINTRP),Excluida,No usar como predictor,No usar como predictor,Artefacto operativo,Capturan proceso de recogida de datos o idioma/proxy; pueden inducir artefactos operativos.,"Pueden servir para auditorías de faltantes, no para el modelo primario."
Antropometría general,exam__BMXWT (BMXWT); exam__BMXHT (BMXHT); exam__BMXBMI (BMXBMI); exam__BMXWAIST (BMXWAIST),Admisible,Usar como bloque general; revisar extremos aparte,Disponible en T0,Bajo,"Mediciones basales de examen físico. Son predictores habituales y previos al seguimiento; los valores extremos, especialmente IMC muy bajo, se auditan por separado.",No duplicar con la regla específica de IMC bajo si se crea una bandera de fragilidad.
IMC muy bajo en mayores,exam__BMXBMI (BMXBMI),Dudosa,Requiere análisis/sensibilidad,"Disponible en T0, pero extremo clínico dudoso",Causalidad inversa / fragilidad avanzada,"Un IMC muy bajo en mayores puede ser marcador de fragilidad, caquexia o enfermedad letal ya iniciada.",No se excluye de entrada; se justificará si se usa como continuo o se hará sensibilidad sin extremos bajos.
Pérdida de peso / historia de peso,quest__WHQ030 (WHQ030); quest__WHQ040 (WHQ040); quest__WHQ070 (WHQ070); quest__WHQ150 (WHQ150); quest__WHD010 (WHD010); quest__WHD020 (WHD020); quest__WHD050 (WHD050); quest__WHD110 (WHD110); quest__WHD120 (WHD120); quest__WHD140 (WHD140),Dudosa,No entrar sin justificación clínica explícita,"Disponible en T0, pero dudoso",Causalidad inversa / enfermedad en curso,La pérdida de peso no intencionada o cambios recientes pueden ser señal de enfermedad terminal ya en marcha.,Clasificar de forma específica tras revisar el significado exacto de cada ítem.
Presión arterial medida,exam__BPXSY1 (BPXSY1); exam__BPXDI1 (BPXDI1); exam__BPXSY2 (BPXSY2); exam__BPXDI2 (BPXDI2); exam__BPXSY3 (BPXSY3); exam__BPXDI3 (BPXDI3); exam__BPXPLS (BPXPLS),Admisible,Usar,Disponible en T0,Bajo,Medición basal de riesgo cardiovascular; no es fuga.,Promediar lecturas si se usa.
Hipertensión y tratamiento,quest__BPQ020 (BPQ020); quest__BPQ040A (BPQ040A); quest__BPQ050A (BPQ050A); quest__BPQ080 (BPQ080),Admisible,Usar,Disponible en T0,Bajo; antecedente basal legítimo,"Diagnóstico/tratamiento previo basal. En mortalidad por cualquier causa, comorbilidades previas son predictores legítimos.",
Diabetes y prediabetes,quest__DIQ010 (DIQ010); quest__DIQ160 (DIQ160); quest__DIQ170 (DIQ170); lab__LBXGH (LBXGH); lab__LBXGLT (LBXGLT); lab__LBDINSI (LBDINSI),Admisible,Usar,Disponible en T0,Bajo; antecedente/biomarcador basal,Diagnóstico o biomarcadores basales. No son fuga por sí mismos.,Revisar submuestra/faltantes para glucosa/insulina.
Lípidos,lab__LBXTC (LBXTC); lab__LBDHDD (LBDHDD); lab__LBDLDL (LBDLDL); lab__LBXTR (LBXTR),Admisible,Usar si cobertura suficiente,Disponible en T0,Bajo,Biomarcadores basales de riesgo cardiometabólico.,Evitar duplicados de unidades equivalentes.
Función renal / daño renal,lab__LBXSCR (LBXSCR); lab__URDACT (URDACT); lab__URXUMA (URXUMA); lab__URXUCR (URXUCR),Admisible,Usar,Disponible en T0,Bajo-moderado; enfermedad basal,Marcadores basales de enfermedad renal o riesgo vascular; no son fuga en mortalidad general.,Derivar eGFR solo si queda preespecificado.
Hemograma básico,lab__LBXHGB (LBXHGB); lab__LBXWBCSI (LBXWBCSI); lab__LBXPLTSI (LBXPLTSI),Admisible,Usar como bloque general; revisar extremos aparte,Disponible en T0,Bajo-moderado; revisar extremos,"Parámetros basales generales. Son admisibles, aunque valores extremos pueden reflejar procesos agudos o avanzados y deben revisarse.",Los leucocitos muy elevados se marcan aparte como bloque dudoso.
Inflamación muy elevada,lab__LBXWBCSI (LBXWBCSI),Dudosa,Requiere justificación/sensibilidad,"Disponible en T0, pero extremo clínico dudoso",Causalidad inversa / proceso agudo o avanzado,"Marcadores inflamatorios muy altos pueden reflejar infección, cáncer avanzado u otro proceso letal ya activo.",No hay CRP localizada en esta tabla; WBC queda como marcador inflamatorio disponible.
Albúmina sérica baja,lab__LBXSAL (LBXSAL); lab__LBDSALSI (LBDSALSI),Dudosa,Requiere justificación/sensibilidad,"Disponible en T0, pero extremo clínico dudoso","Causalidad inversa / caquexia, inflamación o desnutrición","Albúmina muy baja puede ser marcador de desnutrición, inflamación o enfermedad avanzada cercana al desenlace.",No excluir sistemáticamente; marcar umbrales extremos antes de modelar.
Enzimas hepáticas / bioquímica general,lab__LBXSASSI (LBXSASSI); lab__LBXSATSI (LBXSATSI); lab__LBXSAPSI (LBXSAPSI); lab__LBXSTB (LBXSTB); lab__LBXSTP (LBXSTP); lab__LBXSBU (LBXSBU); lab__LBXSUA (LBXSUA),Admisible,Usar si se justifica clínicamente,Disponible en T0,Bajo-moderado; enfermedad basal,"Mediciones basales. Pueden reflejar enfermedad previa, que es predictor legítimo.",Evitar inflar el predictor set con variables redundantes sin criterio.
Salud autopercibida,quest__HSD010 (HSD010),Dudosa,No usar en modelo primario sin sensibilidad,"Disponible en T0, pero dudoso",Causalidad inversa / estado global cercano al desenlace,Es el caso típico de posible causalidad inversa: el participante puede percibir mala salud porque ya existe un proceso grave cercano.,"Si se usa, declarar claramente que capta estado global basal y hacer comparación sin ella."
Limitación funcional / dificultad para caminar,quest__PFQ020 (PFQ020); quest__PFQ049 (PFQ049); quest__PFQ051 (PFQ051); quest__PFQ054 (PFQ054); quest__PFQ057 (PFQ057); quest__PFQ090 (PFQ090); quest__DLQ010 (DLQ010); quest__DLQ020 (DLQ020); quest__DLQ040 (DLQ040); quest__DLQ050 (DLQ050); quest__DLQ060 (DLQ060); quest__DLQ080 (DLQ080),Dudosa,Requiere justificación clínica,"Disponible en T0, pero dudoso",Causalidad inversa / fragilidad o enfermedad avanzada,"La limitación funcional en mayores puede ser predictor legítimo de fragilidad, pero también señal de enfermedad avanzada cercana a la muerte.",Especial cuidado con dificultad para caminar/subir escalones y necesidad de ayuda.
Actividad física habitual,quest__PAQ605 (PAQ605); quest__PAQ620 (PAQ620); quest__PAQ635 (PAQ635); quest__PAQ650 (PAQ650); quest__PAQ665 (PAQ665); quest__PAQ710 (PAQ710); quest__PAQ715 (PAQ715),Admisible,Usar con cautela,Disponible en T0,Bajo-moderado; puede reflejar limitación funcional,"Conducta basal de salud. No es fuga directa, aunque puede captar parte de la limitación funcional en personas mayores.",No interpretar de forma causal; revisar solapamiento con limitación funcional.
Tabaquismo,quest__SMQ020 (SMQ020); quest__SMQ040 (SMQ040); quest__SMQ050Q (SMQ050Q); quest__SMQ050U (SMQ050U); quest__SMD641 (SMD641); quest__SMD650 (SMD650),Admisible,Usar,Disponible en T0,Bajo,Exposición basal clásica asociada a mortalidad; no es fuga.,Recodificar en categorías simples si procede.
Alcohol,quest__ALQ101 (ALQ101); quest__ALQ120Q (ALQ120Q); quest__ALQ130 (ALQ130); quest__ALQ151 (ALQ151),Admisible,Usar si cobertura suficiente,Disponible en T0,Bajo,Conducta basal. No es fuga.,Revisar no respuesta y saltos.
Comorbilidad cardiovascular,quest__MCQ160B (MCQ160B); quest__MCQ160C (MCQ160C); quest__MCQ160D (MCQ160D); quest__MCQ160E (MCQ160E); quest__MCQ160F (MCQ160F),Admisible,Usar,Disponible en T0,Bajo; antecedente basal legítimo,"Infarto, cardiopatía, angina, ictus u otras enfermedades previas son predictores legítimos de mortalidad por cualquier causa.",No excluir por “fuga”: son diagnósticos previos al T0.
Cáncer previo,quest__MCQ220 (MCQ220); quest__MCQ230A (MCQ230A); quest__MCQ230B (MCQ230B); quest__MCQ230C (MCQ230C); quest__MCQ230D (MCQ230D),Admisible,Usar,Disponible en T0,Bajo; antecedente basal legítimo,Diagnóstico previo de cáncer es predictor legítimo en mortalidad por cualquier causa.,No usar causa de muerte futura; solo antecedente basal.
"Enfermedad respiratoria, renal, hepática, artritis u otras condiciones crónicas",quest__MCQ010 (MCQ010); quest__MCQ053 (MCQ053); quest__MCQ080 (MCQ080); quest__MCQ160A (MCQ160A); quest__MCQ160G (MCQ160G); quest__MCQ160K (MCQ160K); quest__MCQ160L (MCQ160L); quest__MCQ160M (MCQ160M); quest__MCQ160N (MCQ160N); quest__MCQ160O (MCQ160O),Admisible,Usar si la codificación es clara,Disponible en T0,Bajo; antecedente basal legítimo,Comorbilidades previas basales. No son fuga en este objetivo.,Agrupar si hay categorías escasas.
Síntomas depresivos,quest__DPQ010 (DPQ010); quest__DPQ020 (DPQ020); quest__DPQ030 (DPQ030); quest__DPQ040 (DPQ040); quest__DPQ050 (DPQ050); quest__DPQ060 (DPQ060); quest__DPQ070 (DPQ070); quest__DPQ080 (DPQ080); quest__DPQ090 (DPQ090),Admisible,Usar con cautela,Disponible en T0,Moderado; revisar si capta deterioro terminal,"Síntomas basales. No se excluyen de entrada, pero conviene vigilar si funcionan como marcador inespecífico de deterioro global.",Revisar en sensibilidad si aparece muy dominante.
"Mortalidad, causa de muerte y seguimiento",mort__MORTSTAT (MORTSTAT); mort__UCOD_LEADING (UCOD_LEADING); mort__DIABETES (DIABETES); mort__HYPERTEN (HYPERTEN); mort__PERMTH_INT (PERMTH_INT); mort__PERMTH_EXM (PERMTH_EXM); mort__event (event); mort__followup_months_interview (followup_months_interview); mort__followup_months_exam (followup_months_exam),Excluida,No usar como predictor,Posterior a T0 o derivado del desenlace,Fuga directa / desenlace o seguimiento,"Son desenlace, causa de muerte o información de seguimiento. Usarlas sería fuga directa.",Se usan solo para construir Y y auditar seguimiento.
Variables derivadas del pipeline / banderas de integración,"Banderas técnicas, variables de disponibilidad, marcas de unión o derivados internos del pipeline",Excluida,No usar como predictor,No usar como predictor,Artefacto técnico,"Son variables creadas para controlar el pipeline, no información clínica basal del participante.","Pueden conservarse para trazabilidad, pero quedan fuera del set predictor."
