"cycle","variable","role"
"2013-2014","dem__WTINT2YR","Peso de entrevista de 2 años"
"2013-2014","dem__WTMEC2YR","Peso de examen MEC de 2 años"
"2013-2014","dem__SDMVPSU","Unidad primaria de muestreo"
"2013-2014","dem__SDMVSTRA","Estrato del diseño"
"2013-2014","lab__WTSAF2YR","Peso específico de componente o submuestra"
"2013-2014","lab__WTSOG2YR","Peso específico de componente o submuestra"
"2013-2014","lab__WTSA2YR","Peso específico de componente o submuestra"
"2013-2014","lab__WTSB2YR","Peso específico de componente o submuestra"
"2013-2014","lab__WTSH2YR","Peso específico de componente o submuestra"
